{
  "hash": "27c70819",
  "configHash": "b267b68d",
  "lockfileHash": "1de27f14",
  "browserHash": "ac7024ca",
  "optimized": {
    "@angular/common": {
      "src": "../../../../../node_modules/@angular/common/fesm2022/common.mjs",
      "file": "@angular_common.js",
      "fileHash": "6533dbe3",
      "needsInterop": false
    },
    "@angular/common/http": {
      "src": "../../../../../node_modules/@angular/common/fesm2022/http.mjs",
      "file": "@angular_common_http.js",
      "fileHash": "baf748c9",
      "needsInterop": false
    },
    "@angular/core": {
      "src": "../../../../../node_modules/@angular/core/fesm2022/core.mjs",
      "file": "@angular_core.js",
      "fileHash": "daf493ce",
      "needsInterop": false
    },
    "@angular/forms": {
      "src": "../../../../../node_modules/@angular/forms/fesm2022/forms.mjs",
      "file": "@angular_forms.js",
      "fileHash": "804abc24",
      "needsInterop": false
    },
    "@angular/material/autocomplete": {
      "src": "../../../../../node_modules/@angular/material/fesm2022/autocomplete.mjs",
      "file": "@angular_material_autocomplete.js",
      "fileHash": "921e6a57",
      "needsInterop": false
    },
    "@angular/material/core": {
      "src": "../../../../../node_modules/@angular/material/fesm2022/core.mjs",
      "file": "@angular_material_core.js",
      "fileHash": "be52143e",
      "needsInterop": false
    },
    "@angular/material/form-field": {
      "src": "../../../../../node_modules/@angular/material/fesm2022/form-field.mjs",
      "file": "@angular_material_form-field.js",
      "fileHash": "2359b2e6",
      "needsInterop": false
    },
    "@angular/material/input": {
      "src": "../../../../../node_modules/@angular/material/fesm2022/input.mjs",
      "file": "@angular_material_input.js",
      "fileHash": "f7bc8425",
      "needsInterop": false
    },
    "@angular/platform-browser": {
      "src": "../../../../../node_modules/@angular/platform-browser/fesm2022/platform-browser.mjs",
      "file": "@angular_platform-browser.js",
      "fileHash": "c2ddd059",
      "needsInterop": false
    },
    "@angular/platform-browser/animations/async": {
      "src": "../../../../../node_modules/@angular/platform-browser/fesm2022/animations/async.mjs",
      "file": "@angular_platform-browser_animations_async.js",
      "fileHash": "09778737",
      "needsInterop": false
    },
    "@angular/router": {
      "src": "../../../../../node_modules/@angular/router/fesm2022/router.mjs",
      "file": "@angular_router.js",
      "fileHash": "1e77dfcf",
      "needsInterop": false
    },
    "ngx-toastr": {
      "src": "../../../../../node_modules/ngx-toastr/fesm2022/ngx-toastr.mjs",
      "file": "ngx-toastr.js",
      "fileHash": "c3983f9d",
      "needsInterop": false
    }
  },
  "chunks": {
    "browser-DW6MF3PJ": {
      "file": "browser-DW6MF3PJ.js"
    },
    "chunk-TARXILEM": {
      "file": "chunk-TARXILEM.js"
    },
    "chunk-3C5MO5MM": {
      "file": "chunk-3C5MO5MM.js"
    },
    "chunk-3C56POER": {
      "file": "chunk-3C56POER.js"
    },
    "chunk-K5NDPXAU": {
      "file": "chunk-K5NDPXAU.js"
    },
    "chunk-TSNIZU2U": {
      "file": "chunk-TSNIZU2U.js"
    },
    "chunk-NKQDMTZ7": {
      "file": "chunk-NKQDMTZ7.js"
    },
    "chunk-QGETTZZU": {
      "file": "chunk-QGETTZZU.js"
    },
    "chunk-MIQDURER": {
      "file": "chunk-MIQDURER.js"
    }
  }
}